PRODUCTO,PRECIO,PRECIO DE PROMOCION,DISPONIBILIDAD
Almohada (70x40) Zlow Elite Hotel Essential Fiber,20.998,10.499,No Disponible
Almohada (70x40) Zlow Elite Hotel Synthetic Duvet,29.998,14.999,No Disponible
Almohada (70x50) Zlow Elite Hotel Soft,43.198,21.599,No Disponible
Almohada (55x38) Zlow Visco Basic Cervical,46.398,23.199,No Disponible
Almohada (55x38) Zlow Visco Basic,50.798,25.399,No Disponible
Almohada (70x50) Zlow Hotel Duvet Foam Core,53.998,26.999,No Disponible
Almohada (90x50) Zlow Elite Hotel Soft,60.798,30.399,No Disponible
Almohada (70x50) Zlow Hotel Duvet Extra Soft,61.798,30.899,No Disponible
Almohada (90x50) Zlow Hotel Duvet Extra Soft,73.798,36.899,No Disponible
Almohada (60x40) Zlow Elite Hotel Visco Cervical,73.998,36.999,No Disponible
Almohada (60x40) Zlow Elite Hotel Visco Standard,79.798,39.899,No Disponible
Almohada (80x40) Zlow Elite Hotel Visco King,111.998,55.999,No Disponible
Almohada (70x40) Zlow Dual Massage,123.798,61.899,No Disponible
Almohada (70x40) Sealy Memory Air,134.598,67.299,No Disponible
